path,bytes,sha256
Challenge_Brief.md,1994,044daff67b364e34884999120afa7c51b428517518960434b0efb3084bcbbe42
Data_Dictionary.csv,6758,596870f2d9de222f91cb140dbafa37fc5268505df8397a3812df5b7babb066c9
Data_Inventory.md,527,2753a4eaea50f01cdda990249e15f16b5e3a1362f811e1218dd6d7ac1f0f313b
Data_T0/address_history.csv,6002824,ddf2d410140106f476b0a4914e4e190d3fa4989c56e28cc8e44461a1238193f1
Data_T0/candidate_records.csv,1548284,52c768aa4554cfed268401603a31213469c653c0d711ce9d08ec4620c3cee996
Data_T0/external_context_signals.csv,4749716,c4bf9f6a9acc05794707c77daec2d8926b3ab3c239fb3f5e71a835db12423c74
Data_T0/license_id_events.csv,4961032,640fc7bc23b3a6ef890d04ca49d4aa120115360176db79add3701fd9b6a54113
Data_T0/vehicle_title_events.csv,4135757,5e23194a68f57398f000925cdfe703d89f872061e2b0335cc465287d6c7a7054
Data_T0/work_location_signals.csv,2062309,5a35dfc40ebd7c51fec8654314edeaa44a0017cf2219352a59195b7b720fb21a
Data_T1/evidence_update_stream.csv,2801231,99e16884d52ff22505ab4aa6c92927d1cf9a0b9a80dbe9ab8ed96f3bf8285ff8
Development_Labels/Development_Labels.csv,16931,abe02f46609f88dfc6258d5bd2f3954af2ab555674ce055341cbb4dcca2b21ec
finalize_and_audit_oos_participant_package.py,6285,7000fa0bebc585ea2e7e11d239ab539beacd45002e52c33579ca78630514d68c
README.md,732,5c573cdaa949448a92e92fe64749526ed5ecbd2ca6b362443ec2db6885235538
Submission_Format.md,794,6c35d00b939faca9c704c9058ee1d570172d3faef8fb9afeb940a608310f9f52
Submission_Template.csv,576125,d15553dabd6615d3f1d2df8f30421daddd0fa582bf8ef2abc510065a0d7d221d
Synthetic_Data_Notice.md,996,1fbea98584398cf5e727c5ea90f4e1919ba58b63f02f9c25735c7b0ffe243ad1
