candidate_record_id,evidence_group,p_review_warranted,p_review_not_warranted,p_insufficient_evidence,predicted_class,actual_class
CAN-QCF4GZN8TD,meaningful_new_evidence,0.24757578437850164,0.28071664386902867,0.47170757175246975,insufficient_evidence,insufficient_evidence
CAN-O523BGV6IR,meaningful_new_evidence,0.1237769099494174,0.6080672056612074,0.2681558843893752,review_not_warranted,review_not_warranted
CAN-JUR9CRBOBB,meaningful_new_evidence,0.4212585092959762,0.21282821003898175,0.36591328066504214,review_warranted,insufficient_evidence
CAN-1EJVSHCWNY,meaningful_new_evidence,0.3925836271816723,0.1780250008462003,0.4293913719721274,insufficient_evidence,review_not_warranted
CAN-NLM2FQOWDX,meaningful_new_evidence,0.42441902731806797,0.23914457457846863,0.33643639810346343,review_warranted,insufficient_evidence
CAN-2B1096MPJS,meaningful_new_evidence,0.3829865839151917,0.2720962460299128,0.3449171700548956,review_warranted,review_warranted
CAN-046H2OTGZ2,meaningful_new_evidence,0.37409191864038976,0.22361844802034261,0.40228963333926765,insufficient_evidence,review_warranted
CAN-M8GSUMHUBV,meaningful_new_evidence,0.3016242538503236,0.4054537876839472,0.2929219584657292,review_not_warranted,review_not_warranted
CAN-BENX1VQFJF,meaningful_new_evidence,0.1707532083336533,0.5384569271548506,0.2907898645114961,review_not_warranted,review_warranted
CAN-MG8XYRNB7R,meaningful_new_evidence,0.2327465188943991,0.3201659248509893,0.4470875562546116,insufficient_evidence,insufficient_evidence
CAN-N4QFJS875I,meaningful_new_evidence,0.34412965040161286,0.31995818501217865,0.33591216458620854,review_warranted,insufficient_evidence
CAN-4T5MQ6DTMK,meaningful_new_evidence,0.4604196375303803,0.2205789385109947,0.3190014239586251,review_warranted,review_not_warranted
CAN-Z33ALI17FK,meaningful_new_evidence,0.26741664972168677,0.4004575202845393,0.33212582999377405,review_not_warranted,review_not_warranted
CAN-SR7RMC873R,meaningful_new_evidence,0.2085008595603747,0.4926502740841662,0.2988488663554591,review_not_warranted,review_not_warranted
CAN-ZSGTTG0DNE,meaningful_new_evidence,0.3451043714674182,0.1691080509834113,0.4857875775491705,insufficient_evidence,review_not_warranted
CAN-DZXEHKO5JZ,meaningful_new_evidence,0.3907358280836706,0.2097466764902525,0.3995174954260769,insufficient_evidence,review_not_warranted
CAN-531EC6XM0A,meaningful_new_evidence,0.2115361335223375,0.3649302374739654,0.423533629003697,insufficient_evidence,review_not_warranted
CAN-STFR13OJLS,meaningful_new_evidence,0.5819966590780606,0.18147923214211303,0.23652410877982624,review_warranted,review_not_warranted
CAN-I25Z744R3A,meaningful_new_evidence,0.183527233462528,0.4249726120941883,0.3915001544432836,review_not_warranted,review_not_warranted
CAN-7UQ40SSRBR,meaningful_new_evidence,0.1994277157883452,0.3694255023195003,0.4311467818921545,insufficient_evidence,review_not_warranted
CAN-UVG366PFKZ,meaningful_new_evidence,0.07596418821085442,0.4704072448085877,0.4536285669805579,review_not_warranted,review_not_warranted
CAN-VDBBB1U640,meaningful_new_evidence,0.2746601353170375,0.37740405832949064,0.34793580635347193,review_not_warranted,insufficient_evidence
CAN-Y1ONULRYLB,meaningful_new_evidence,0.1901479276709562,0.6130417989245833,0.1968102734044604,review_not_warranted,insufficient_evidence
CAN-QQXBJU6M6L,meaningful_new_evidence,0.4519109617069642,0.2346185532243546,0.3134704850686811,review_warranted,insufficient_evidence
CAN-3D99WGLA9F,meaningful_new_evidence,0.08916414180647371,0.7126033884748207,0.19823246971870562,review_not_warranted,insufficient_evidence
CAN-RAC3AUDPMW,meaningful_new_evidence,0.10916005757734691,0.49834063578143223,0.39249930664122085,review_not_warranted,review_not_warranted
CAN-MSNJEAB1GA,meaningful_new_evidence,0.5670697317555378,0.1296706121576307,0.3032596560868316,review_warranted,review_warranted
CAN-R3PHPYEEK1,meaningful_new_evidence,0.5115701343330021,0.18516496370266783,0.30326490196433015,review_warranted,review_warranted
CAN-4491B2CKSM,meaningful_new_evidence,0.0722423857941297,0.7909862470617641,0.1367713671441062,review_not_warranted,review_not_warranted
CAN-QCQLTNKON8,meaningful_new_evidence,0.10618384152854492,0.6409498770021593,0.25286628146929585,review_not_warranted,review_not_warranted
CAN-YGWAL6CGCM,meaningful_new_evidence,0.525675367174319,0.2038205555207269,0.2705040773049541,review_warranted,review_warranted
CAN-I0MWENXOTY,meaningful_new_evidence,0.10875227828436211,0.6456229457426976,0.24562477597294033,review_not_warranted,review_not_warranted
CAN-ZKFSI428I3,meaningful_new_evidence,0.3908856006587037,0.3286712206163468,0.2804431787249495,review_warranted,review_warranted
CAN-CE82WSAY7G,meaningful_new_evidence,0.3517910935179118,0.3098385033659735,0.3383704031161146,review_warranted,review_warranted
CAN-VT4PWKOXUS,meaningful_new_evidence,0.1234811680157079,0.4083538655387199,0.4681649664455722,insufficient_evidence,insufficient_evidence
CAN-WMYE9H5KHU,meaningful_new_evidence,0.09875933692486953,0.6339930148552717,0.26724764821985875,review_not_warranted,insufficient_evidence
CAN-G5QOBJADAS,meaningful_new_evidence,0.10217249141087073,0.4528951195969895,0.4449323889921398,review_not_warranted,insufficient_evidence
CAN-4HICC8FK63,meaningful_new_evidence,0.3340956600948326,0.3282080063967393,0.3376963335084281,insufficient_evidence,insufficient_evidence
CAN-EY5UH24ZIZ,meaningful_new_evidence,0.3201905119811243,0.3169119943847434,0.3628974936341322,insufficient_evidence,review_warranted
CAN-UOZRL1V8KU,meaningful_new_evidence,0.13829808016058823,0.5850469657092772,0.27665495413013463,review_not_warranted,review_warranted
CAN-BDFTFJSJN7,meaningful_new_evidence,0.0849714636792924,0.7251709293948198,0.1898576069258878,review_not_warranted,insufficient_evidence
CAN-2OHE79VIFA,effectively_no_meaningful_update,0.19325857643729835,0.4614919270856075,0.34524949647709424,review_not_warranted,review_not_warranted
CAN-Z7ABOKWLUW,meaningful_new_evidence,0.19707972874066282,0.42168546983690464,0.38123480142243255,review_not_warranted,review_not_warranted
CAN-MMXHM6U1Q3,meaningful_new_evidence,0.14231037241504924,0.5651394158584538,0.29255021172649687,review_not_warranted,review_not_warranted
CAN-VY0CLY1UJZ,meaningful_new_evidence,0.1891477762673612,0.3773749859656156,0.4334772377670232,insufficient_evidence,insufficient_evidence
CAN-N2OQ035YY8,meaningful_new_evidence,0.1954607427431502,0.3097736092962411,0.4947656479606087,insufficient_evidence,insufficient_evidence
CAN-682VA03Y7M,meaningful_new_evidence,0.1035170161912169,0.5769738706195084,0.3195091131892746,review_not_warranted,review_not_warranted
CAN-R86U0E2XY5,meaningful_new_evidence,0.06457739551550001,0.7670603802726906,0.16836222421180944,review_not_warranted,review_not_warranted
CAN-ZQ0GWKIZ51,meaningful_new_evidence,0.4910239836981211,0.18291916386852772,0.32605685243335125,review_warranted,review_warranted
CAN-A6ETMQZT3D,meaningful_new_evidence,0.33294797706044754,0.4061169347567569,0.26093508818279554,review_not_warranted,review_not_warranted
CAN-W41T8OR50L,meaningful_new_evidence,0.15004020641228752,0.44356822134500284,0.40639157224270966,review_not_warranted,review_warranted
CAN-KMB5GTBPM9,meaningful_new_evidence,0.13898138058893622,0.4135048575454342,0.4475137618656297,insufficient_evidence,insufficient_evidence
CAN-Z38H9W4ZGC,meaningful_new_evidence,0.16921253872703462,0.5422804822726803,0.28850697900028516,review_not_warranted,review_not_warranted
CAN-XY38I4LIXQ,effectively_no_meaningful_update,0.39183219059982727,0.34959779358680604,0.25857001581336675,review_warranted,review_not_warranted
CAN-UC0X4CF5YC,meaningful_new_evidence,0.14146029589597614,0.673703610096737,0.18483609400728693,review_not_warranted,insufficient_evidence
CAN-8MG3KHERI3,meaningful_new_evidence,0.5200091989370854,0.21519685568871233,0.26479394537420237,review_warranted,review_warranted
CAN-82A1AW528U,meaningful_new_evidence,0.10457761508997923,0.4307607641782601,0.4646616207317607,insufficient_evidence,review_not_warranted
CAN-MYFWBL13VE,meaningful_new_evidence,0.23896725317945505,0.32918969732209746,0.4318430494984475,insufficient_evidence,insufficient_evidence
CAN-SXC7CQRKWL,meaningful_new_evidence,0.1653498317273323,0.6035646962981815,0.2310854719744861,review_not_warranted,insufficient_evidence
CAN-4SMT2ZQ2JW,meaningful_new_evidence,0.2762267944600742,0.2377413588731154,0.4860318466668104,insufficient_evidence,review_not_warranted
CAN-F0PK9CCT7U,meaningful_new_evidence,0.3195952888662633,0.414041937871786,0.2663627732619506,review_not_warranted,review_warranted
CAN-18HFR7ZPQ5,meaningful_new_evidence,0.13125882230878502,0.4163481535005096,0.45239302419070543,insufficient_evidence,insufficient_evidence
CAN-TT3YS2Q6D9,meaningful_new_evidence,0.47765265437230325,0.21347061006432702,0.30887673556336975,review_warranted,insufficient_evidence
CAN-N457EOO43R,meaningful_new_evidence,0.4238565780624004,0.31074742486832924,0.26539599706927036,review_warranted,review_warranted
CAN-JE4XWOKZY7,meaningful_new_evidence,0.2177792254364405,0.422113225145263,0.3601075494182965,review_not_warranted,review_warranted
CAN-P2BMVSIWSO,meaningful_new_evidence,0.1003918136114282,0.6431823782202268,0.2564258081683449,review_not_warranted,insufficient_evidence
CAN-WSZ2K6LRDA,meaningful_new_evidence,0.1318828588486525,0.4512430678712065,0.416874073280141,review_not_warranted,review_warranted
CAN-LPTV3L15GI,meaningful_new_evidence,0.5327643098746709,0.1907142233618249,0.2765214667635042,review_warranted,review_warranted
CAN-HJSKW8DII3,meaningful_new_evidence,0.14635159682889962,0.3673354358237997,0.48631296734730073,insufficient_evidence,insufficient_evidence
CAN-TEZC5LDGEW,meaningful_new_evidence,0.1670334577503982,0.3445659675741754,0.4884005746754264,insufficient_evidence,review_not_warranted
CAN-BA2J2OCZ4N,meaningful_new_evidence,0.34076814205859607,0.2777671476933983,0.3814647102480057,insufficient_evidence,insufficient_evidence
CAN-ZMVKC63G2A,meaningful_new_evidence,0.16022858086728223,0.4413860198242317,0.3983853993084861,review_not_warranted,insufficient_evidence
CAN-K7S70RXAMG,meaningful_new_evidence,0.383011945971861,0.3499964985064435,0.2669915555216955,review_warranted,insufficient_evidence
CAN-OAOG54YAZO,meaningful_new_evidence,0.1980861810262777,0.3364001675332079,0.4655136514405144,insufficient_evidence,review_not_warranted
CAN-86YS89WD1X,meaningful_new_evidence,0.24805856702813994,0.36195672922334354,0.3899847037485166,insufficient_evidence,insufficient_evidence
CAN-LJAETPGFMO,meaningful_new_evidence,0.14949684919284392,0.567478547924909,0.28302460288224707,review_not_warranted,insufficient_evidence
CAN-KNFI1QC8WD,meaningful_new_evidence,0.3194061627768924,0.2990057520028509,0.3815880852202567,insufficient_evidence,review_warranted
CAN-ZSJALHV9SZ,meaningful_new_evidence,0.5648102055138471,0.2048253273728387,0.2303644671133143,review_warranted,insufficient_evidence
CAN-UIDCKJCDCX,effectively_no_meaningful_update,0.3250908020457967,0.2180294431248429,0.4568797548293604,insufficient_evidence,insufficient_evidence
CAN-MDT600E24L,meaningful_new_evidence,0.11110730942514291,0.6768904526192272,0.21200223795562992,review_not_warranted,review_warranted
CAN-J4H3HYSW7L,meaningful_new_evidence,0.1260737873787153,0.5195297823905002,0.3543964302307845,review_not_warranted,insufficient_evidence
CAN-QM71SGDM4I,meaningful_new_evidence,0.4249544368527084,0.2572699180640976,0.317775645083194,review_warranted,review_warranted
CAN-SC42SBD0LB,meaningful_new_evidence,0.19529922387352355,0.4177369739941381,0.3869638021323384,review_not_warranted,review_not_warranted
CAN-J2Z8813Q6I,effectively_no_meaningful_update,0.0989978430990599,0.5230983409954316,0.3779038159055084,review_not_warranted,insufficient_evidence
CAN-8WZY5EL0GS,meaningful_new_evidence,0.5905602811642696,0.14098187529356504,0.26845784354216545,review_warranted,review_not_warranted
CAN-UC3CXNT45X,meaningful_new_evidence,0.31445101481217114,0.386691768555406,0.29885721663242293,review_not_warranted,insufficient_evidence
CAN-OX9BJ0D2O1,meaningful_new_evidence,0.3662747137849703,0.2963836671091563,0.3373416191058733,review_warranted,insufficient_evidence
CAN-CSA9RPF7N0,meaningful_new_evidence,0.21739962148916542,0.3071880286742272,0.47541234983660746,insufficient_evidence,review_not_warranted
CAN-GAZ28IY33B,meaningful_new_evidence,0.36835682966322064,0.2615557881818423,0.37008738215493714,insufficient_evidence,insufficient_evidence
CAN-JEIC06XTOM,meaningful_new_evidence,0.5865544578835774,0.16868466854064623,0.24476087357577636,review_warranted,review_not_warranted
CAN-WAM0MZEWD7,meaningful_new_evidence,0.526187758107453,0.14006602471029764,0.33374621718224945,review_warranted,insufficient_evidence
CAN-90NXQQ43RV,meaningful_new_evidence,0.17731031586088353,0.38633789385779427,0.43635179028132226,insufficient_evidence,review_not_warranted
CAN-U9XCTU7C4F,meaningful_new_evidence,0.10723511238677681,0.6630920147965603,0.22967287281666293,review_not_warranted,insufficient_evidence
CAN-3V8APYMFFU,meaningful_new_evidence,0.3328640529048997,0.3689902116137373,0.2981457354813631,review_not_warranted,review_not_warranted
CAN-4FO38FPD7B,meaningful_new_evidence,0.2813776939533879,0.3408076264204897,0.3778146796261223,insufficient_evidence,review_not_warranted
CAN-LQTYLY754O,meaningful_new_evidence,0.4385164688248901,0.20001448375753555,0.36146904741757446,review_warranted,review_warranted
CAN-Y1NS971FST,meaningful_new_evidence,0.3026303545746188,0.3643044057066388,0.3330652397187424,review_not_warranted,review_warranted
CAN-1WB2NA52JZ,meaningful_new_evidence,0.3773980432958179,0.186749148975541,0.4358528077286411,insufficient_evidence,insufficient_evidence
CAN-GPXG19LRNA,meaningful_new_evidence,0.36831909227850473,0.31874112710045005,0.31293978062104527,review_warranted,review_not_warranted
CAN-I4N8CBG88Z,meaningful_new_evidence,0.3330628437681203,0.3030794066742597,0.36385774955762,insufficient_evidence,review_warranted
CAN-RG84ONNZ7C,meaningful_new_evidence,0.30800809070583546,0.34767189189193815,0.34432001740222634,review_not_warranted,review_warranted
CAN-1NEQLC2YWG,meaningful_new_evidence,0.13534216158502993,0.31256832514156296,0.5520895132734072,insufficient_evidence,insufficient_evidence
CAN-4QS9RM4XLH,weak_minor_update,0.3784917588361684,0.2941173322709499,0.3273909088928818,review_warranted,review_warranted
CAN-CJN0H4XCFS,meaningful_new_evidence,0.3801042295167438,0.24344232315215,0.3764534473311062,review_warranted,insufficient_evidence
CAN-P4RVWAG757,meaningful_new_evidence,0.3160424985015914,0.3167797982413191,0.3671777032570895,insufficient_evidence,insufficient_evidence
CAN-ERSOR4K7QJ,meaningful_new_evidence,0.4026007426619572,0.3220599185215051,0.2753393388165377,review_warranted,insufficient_evidence
CAN-RXMWDVU7JD,effectively_no_meaningful_update,0.453079441849428,0.33455478121997584,0.21236577693059616,review_warranted,review_warranted
CAN-7HQWF459VW,meaningful_new_evidence,0.1323148620127428,0.3741296874521359,0.4935554505351213,insufficient_evidence,review_not_warranted
CAN-ME2Q23NS0G,meaningful_new_evidence,0.6412916232963531,0.13901973923783933,0.21968863746580755,review_warranted,review_warranted
CAN-W1O813CX74,meaningful_new_evidence,0.26248965881107855,0.34617394304494814,0.3913363981439734,insufficient_evidence,review_not_warranted
CAN-3JG44NWV2W,meaningful_new_evidence,0.3754305136044851,0.3754215398646747,0.24914794653084024,review_warranted,insufficient_evidence
CAN-R3FQ58SFFS,meaningful_new_evidence,0.5241867949112794,0.160290571348065,0.3155226337406556,review_warranted,review_not_warranted
CAN-H3DK4NU2ZJ,effectively_no_meaningful_update,0.5279063379546168,0.1583011511865307,0.3137925108588524,review_warranted,review_not_warranted
CAN-5D0G3VUQUU,meaningful_new_evidence,0.2653110631922121,0.2800251223956863,0.4546638144121015,insufficient_evidence,insufficient_evidence
CAN-ZG2995G25E,effectively_no_meaningful_update,0.1271008887671006,0.5476221002711358,0.3252770109617636,review_not_warranted,review_not_warranted
CAN-Y746C1F209,meaningful_new_evidence,0.2887168548677863,0.33679965813783,0.3744834869943836,insufficient_evidence,review_warranted
CAN-XFRLQDC4M8,meaningful_new_evidence,0.21730387129665715,0.4716852029906964,0.31101092571264655,review_not_warranted,insufficient_evidence
CAN-QA6NLD1VOR,meaningful_new_evidence,0.20213700834668452,0.5648846654954539,0.23297832615786163,review_not_warranted,review_not_warranted
CAN-WMUAXBCUOI,meaningful_new_evidence,0.6632792375100529,0.12657546916982793,0.21014529332011922,review_warranted,review_not_warranted
CAN-H08YS9RB2I,meaningful_new_evidence,0.15799464719458042,0.45971408757355553,0.38229126523186413,review_not_warranted,review_warranted
CAN-V2L4EF4KSE,meaningful_new_evidence,0.1707528075439321,0.454268587544767,0.3749786049113009,review_not_warranted,insufficient_evidence
CAN-4BW4AXV2DW,meaningful_new_evidence,0.516735433075618,0.18361161961618053,0.29965294730820163,review_warranted,review_warranted
CAN-DMAU8U15C2,meaningful_new_evidence,0.220605580590607,0.35019369834953,0.4292007210598629,insufficient_evidence,review_not_warranted
CAN-2LQVYTP1NE,meaningful_new_evidence,0.4203214983460132,0.2597391050923761,0.3199393965616108,review_warranted,review_not_warranted
CAN-4CFU2SAM9A,meaningful_new_evidence,0.33435514798757876,0.30056037413482856,0.36508447787759274,insufficient_evidence,insufficient_evidence
CAN-J4XWX7ACSW,meaningful_new_evidence,0.3590363019401175,0.2357772562464315,0.405186441813451,insufficient_evidence,review_not_warranted
CAN-DQTR43KXGL,meaningful_new_evidence,0.46273244869841723,0.15726141438844973,0.38000613691313306,review_warranted,review_not_warranted
CAN-OKRGM086UH,meaningful_new_evidence,0.7049902470394956,0.11281797133796462,0.18219178162253982,review_warranted,insufficient_evidence
CAN-5J9D6PMOG7,meaningful_new_evidence,0.0946561759257882,0.3635721326352772,0.5417716914389347,insufficient_evidence,review_not_warranted
CAN-NS2I9QFL3T,meaningful_new_evidence,0.2164510392181283,0.4467715516851588,0.3367774090967129,review_not_warranted,insufficient_evidence
CAN-GYB9DQNAPG,meaningful_new_evidence,0.13843106679185332,0.49265631691996414,0.36891261628818256,review_not_warranted,review_not_warranted
CAN-I3PAG0MQ4S,meaningful_new_evidence,0.32638659307715895,0.39010320880722943,0.28351019811561173,review_not_warranted,insufficient_evidence
CAN-P69V1TRALB,meaningful_new_evidence,0.3239523027451789,0.140974800372552,0.5350728968822691,insufficient_evidence,insufficient_evidence
CAN-6E9YCRS9LL,meaningful_new_evidence,0.35796839635532557,0.20857903861060276,0.4334525650340717,insufficient_evidence,insufficient_evidence
CAN-7YPZD0CRBH,meaningful_new_evidence,0.5232569548300137,0.1513655189917567,0.3253775261782297,review_warranted,review_warranted
CAN-YM0I69QM0I,meaningful_new_evidence,0.08108257495555782,0.7696186256605906,0.14929879938385163,review_not_warranted,review_not_warranted
CAN-WP2EAZABSX,meaningful_new_evidence,0.271861935177498,0.3845018239724404,0.3436362408500615,review_not_warranted,insufficient_evidence
CAN-VRIHDH9JWE,meaningful_new_evidence,0.4608942270898907,0.1998745361135044,0.339231236796605,review_warranted,insufficient_evidence
CAN-IA8U1DVUO4,meaningful_new_evidence,0.15293119968774152,0.4067924378267505,0.4402763624855081,insufficient_evidence,review_not_warranted
CAN-TOCVLBL1FO,meaningful_new_evidence,0.2432334579155737,0.4247760429659536,0.3319904991184726,review_not_warranted,review_warranted
CAN-YP40LZV7HG,meaningful_new_evidence,0.3697018321077439,0.2997077229358248,0.3305904449564313,review_warranted,insufficient_evidence
CAN-XM0NTONS8I,meaningful_new_evidence,0.41605548613004856,0.26083205658095393,0.32311245728899757,review_warranted,review_not_warranted
CAN-LO4SALY31V,meaningful_new_evidence,0.1529298734755017,0.3831995014050809,0.4638706251194174,insufficient_evidence,insufficient_evidence
CAN-UXJU0P1A4M,meaningful_new_evidence,0.1890111463701217,0.5079175430993486,0.3030713105305297,review_not_warranted,insufficient_evidence
CAN-MFQ4GY8XPH,meaningful_new_evidence,0.1775841916369993,0.4429763075291181,0.3794395008338826,review_not_warranted,review_not_warranted
CAN-TSX3YOZ6OH,meaningful_new_evidence,0.5535818017067127,0.1851614456715147,0.2612567526217726,review_warranted,review_not_warranted
CAN-RH7J269JWB,meaningful_new_evidence,0.3685382305554275,0.3279858296903818,0.3034759397541907,review_warranted,review_warranted
CAN-MFBV0FQM3G,meaningful_new_evidence,0.20078667481400825,0.4637109793818145,0.33550234580417737,review_not_warranted,review_not_warranted
CAN-J36EAQ6YIB,meaningful_new_evidence,0.40334604765134724,0.28827412773814526,0.30837982461050756,review_warranted,review_not_warranted
CAN-Y8KKG8V4R5,meaningful_new_evidence,0.5320593748186505,0.16897033020128752,0.29897029498006206,review_warranted,review_warranted
CAN-JH3BMQ4XC7,effectively_no_meaningful_update,0.0815546467777974,0.6441123418230738,0.2743330113991288,review_not_warranted,review_not_warranted
CAN-WNGDAMUN3D,meaningful_new_evidence,0.4289319435569105,0.1777528837928799,0.3933151726502095,review_warranted,insufficient_evidence
CAN-OQIKHLUC4W,meaningful_new_evidence,0.4455067940382204,0.2491624188183556,0.305330787143424,review_warranted,insufficient_evidence
CAN-B8OEQZRDZO,meaningful_new_evidence,0.4786836396639814,0.1286149481876508,0.3927014121483679,review_warranted,insufficient_evidence
CAN-GS1ASP5I7M,meaningful_new_evidence,0.4050737357605758,0.3555675150157481,0.239358749223676,review_warranted,review_warranted
CAN-SIIOAIPEG6,meaningful_new_evidence,0.4643467175837449,0.2269078771012488,0.3087454053150062,review_warranted,review_warranted
CAN-OHKKF3MKJ3,meaningful_new_evidence,0.5008042740116146,0.2272600677772559,0.2719356582111295,review_warranted,review_warranted
CAN-BDWF22CYUA,meaningful_new_evidence,0.09034726438709462,0.631448793177189,0.2782039424357163,review_not_warranted,insufficient_evidence
CAN-JUDHP15RCW,meaningful_new_evidence,0.4156017223857793,0.3191259867000699,0.2652722909141508,review_warranted,review_not_warranted
CAN-3H2ZQ20HYA,meaningful_new_evidence,0.1739030678001072,0.4813185991079896,0.3447783330919032,review_not_warranted,insufficient_evidence
CAN-9Y4E8DVX0U,meaningful_new_evidence,0.5534405215055377,0.18260710379679232,0.2639523746976701,review_warranted,review_warranted
CAN-56NGPDUGKO,meaningful_new_evidence,0.1297632658383816,0.3685662925112989,0.5016704416503195,insufficient_evidence,insufficient_evidence
CAN-HNHZKKFNLR,meaningful_new_evidence,0.2475954187101589,0.3848071110044963,0.3675974702853448,review_not_warranted,insufficient_evidence
CAN-3L9PECKRSW,meaningful_new_evidence,0.29888539436077405,0.30949995796068847,0.3916146476785375,insufficient_evidence,review_warranted
CAN-30WX81N4ES,meaningful_new_evidence,0.2779561019901214,0.2603137431262247,0.461730154883654,insufficient_evidence,review_warranted
CAN-UQQIYRW0PD,meaningful_new_evidence,0.3954019182980519,0.2808281164880349,0.3237699652139132,review_warranted,review_warranted
CAN-V9M5ANAVAQ,meaningful_new_evidence,0.24650033759491163,0.3494128698431276,0.40408679256196084,insufficient_evidence,review_not_warranted
CAN-ZT3OGP0JXS,meaningful_new_evidence,0.11833182782319931,0.5876079500029957,0.29406022217380506,review_not_warranted,review_not_warranted
CAN-VHIJVPARK8,meaningful_new_evidence,0.5389428686788356,0.1325927333556233,0.3284643979655412,review_warranted,review_warranted
CAN-FVPXP9IPUU,meaningful_new_evidence,0.3840283880033138,0.2249139600224901,0.3910576519741961,insufficient_evidence,review_not_warranted
CAN-6EP6GXXTK9,meaningful_new_evidence,0.19994473239346275,0.4721943885691234,0.3278608790374139,review_not_warranted,review_not_warranted
CAN-JR75FSAO9V,meaningful_new_evidence,0.2940218431724434,0.4497409512779255,0.2562372055496311,review_not_warranted,review_not_warranted
CAN-07K7VDEEMK,meaningful_new_evidence,0.283626065660393,0.3657109382154793,0.3506629961241276,review_not_warranted,review_warranted
CAN-X83JEQTGZH,meaningful_new_evidence,0.3095727294832794,0.1883043407393314,0.5021229297773891,insufficient_evidence,review_warranted
CAN-CM7DYFBA7J,meaningful_new_evidence,0.19543790302833955,0.4868732615769602,0.3176888353947003,review_not_warranted,insufficient_evidence
CAN-5N3RUX7YHN,meaningful_new_evidence,0.4722780146921625,0.19183896865387826,0.33588301665395925,review_warranted,review_warranted
CAN-R18R0Y2KT1,meaningful_new_evidence,0.1876336648544729,0.5463446015193062,0.2660217336262209,review_not_warranted,insufficient_evidence
CAN-MKP2V46UCL,meaningful_new_evidence,0.38668108667156004,0.27840824581303203,0.33491066751540804,review_warranted,review_warranted
CAN-AUHE529DEL,meaningful_new_evidence,0.14467661479924704,0.4267212212624105,0.4286021639383425,insufficient_evidence,insufficient_evidence
CAN-RB7I4QYEUI,meaningful_new_evidence,0.4132076071072811,0.2078456511006524,0.3789467417920664,review_warranted,insufficient_evidence
CAN-0R2G3NUIKR,meaningful_new_evidence,0.4113667789200728,0.28864121448268076,0.29999200659724645,review_warranted,review_warranted
CAN-FTE9U57RLP,meaningful_new_evidence,0.1444493640897024,0.5812373609363561,0.2743132749739414,review_not_warranted,review_not_warranted
CAN-QUQOLS2HT8,meaningful_new_evidence,0.5989219986120139,0.15106850649722373,0.25000949489076246,review_warranted,review_warranted
CAN-J9DW7V0B0M,meaningful_new_evidence,0.0723659422252267,0.6824502237529623,0.245183834021811,review_not_warranted,review_not_warranted
CAN-1U7KYCHT04,meaningful_new_evidence,0.329472133426184,0.243379875525881,0.4271479910479351,insufficient_evidence,insufficient_evidence
CAN-8IVXRT38AV,meaningful_new_evidence,0.4416061275463164,0.21615790882786795,0.34223596362581576,review_warranted,review_warranted
CAN-8S6ARU7BKP,effectively_no_meaningful_update,0.42081018121069064,0.29209315416505033,0.28709666462425915,review_warranted,review_warranted
CAN-HA0BA87B8L,meaningful_new_evidence,0.33411298147311647,0.14319880314549333,0.5226882153813903,insufficient_evidence,review_warranted
CAN-0XENT8TOVT,effectively_no_meaningful_update,0.1584423747510925,0.4765923851542683,0.3649652400946392,review_not_warranted,review_not_warranted
CAN-W10A9RCR81,meaningful_new_evidence,0.2275135585881719,0.3625452192697228,0.4099412221421054,insufficient_evidence,insufficient_evidence
CAN-DRJR4QD6PK,meaningful_new_evidence,0.1173775346151277,0.5689240927365447,0.3136983726483276,review_not_warranted,review_not_warranted
CAN-L55BKTF9S0,meaningful_new_evidence,0.21379563479489846,0.4477125857331004,0.33849177947200115,review_not_warranted,review_not_warranted
CAN-D9Y0VJJ6VW,meaningful_new_evidence,0.1833684207846769,0.3372480316491282,0.4793835475661949,insufficient_evidence,review_warranted
CAN-1ZS1BZI6T1,meaningful_new_evidence,0.1719158120972163,0.4679854100007777,0.3600987779020059,review_not_warranted,insufficient_evidence
CAN-0BEG9SW2FJ,meaningful_new_evidence,0.0687951488582674,0.7524111695325844,0.1787936816091482,review_not_warranted,review_not_warranted
CAN-R59D8GNWOE,meaningful_new_evidence,0.4635184355009285,0.2247057195674021,0.3117758449316694,review_warranted,review_warranted
CAN-RSAGRRSRCU,meaningful_new_evidence,0.19416581770465982,0.43178118317901754,0.37405299911632267,review_not_warranted,insufficient_evidence
CAN-TLVR8Y2L8B,meaningful_new_evidence,0.2141744732246713,0.3628680212191733,0.4229575055561554,insufficient_evidence,insufficient_evidence
CAN-KBNRY7AM6A,meaningful_new_evidence,0.3549917563976368,0.2172670507472352,0.427741192855128,insufficient_evidence,review_warranted
CAN-GP3R1BKFVB,meaningful_new_evidence,0.36131862099612744,0.30418093471620583,0.33450044428766673,review_warranted,review_not_warranted
CAN-ZUC41D21E3,meaningful_new_evidence,0.1220454277073321,0.4873843035003065,0.3905702687923614,review_not_warranted,review_not_warranted
CAN-AX8X8VO9JH,meaningful_new_evidence,0.1274685394805093,0.4677249557311912,0.4048065047882995,review_not_warranted,insufficient_evidence
CAN-ADOF3P33HR,meaningful_new_evidence,0.14590872370449973,0.6127683194848819,0.24132295681061844,review_not_warranted,review_not_warranted
CAN-JAC9C5ZY2J,effectively_no_meaningful_update,0.1961715350387375,0.3774804277677931,0.4263480371934693,insufficient_evidence,review_not_warranted
CAN-5EZS1T1ELJ,meaningful_new_evidence,0.19411845094082003,0.42872910883663806,0.37715244022254196,review_not_warranted,review_warranted
CAN-16LL783QTG,meaningful_new_evidence,0.1437400925577969,0.5202472338845805,0.3360126735576226,review_not_warranted,review_not_warranted
CAN-VIYZ36BREN,meaningful_new_evidence,0.2667833330660392,0.3070299373569671,0.4261867295769936,insufficient_evidence,insufficient_evidence
CAN-Q0VG7NCDFO,meaningful_new_evidence,0.7027697935433755,0.1272373855683674,0.1699928208882571,review_warranted,review_warranted
CAN-LQYOAEONVO,meaningful_new_evidence,0.28907120081448484,0.31693702501583176,0.3939917741696834,insufficient_evidence,insufficient_evidence
CAN-Q7RFRQTAQZ,meaningful_new_evidence,0.36346334443807454,0.17745864702361283,0.4590780085383126,insufficient_evidence,insufficient_evidence
CAN-LNUVVT5CZH,meaningful_new_evidence,0.4997374280058948,0.157577240548852,0.3426853314452532,review_warranted,review_warranted
CAN-0ND8K10G3Q,meaningful_new_evidence,0.29813178767979936,0.26532897444632425,0.4365392378738764,insufficient_evidence,review_not_warranted
CAN-2V0D61OSOH,meaningful_new_evidence,0.35474048214961396,0.26893825439331326,0.3763212634570729,insufficient_evidence,review_not_warranted
CAN-0EEV2PAF0Q,meaningful_new_evidence,0.1627866193543237,0.5570644874025226,0.2801488932431537,review_not_warranted,review_not_warranted
CAN-OKX1I6CA68,effectively_no_meaningful_update,0.5501314763689348,0.16309538703682003,0.28677313659424525,review_warranted,insufficient_evidence
CAN-58JRRKXCV8,meaningful_new_evidence,0.573929616769181,0.19011831696207873,0.23595206626874032,review_warranted,insufficient_evidence
CAN-Q1G8222TVV,meaningful_new_evidence,0.1932496313646211,0.4453180282197772,0.3614323404156017,review_not_warranted,review_not_warranted
CAN-JMSVBKK42K,meaningful_new_evidence,0.31714987486016,0.3726422740014274,0.3102078511384126,review_not_warranted,insufficient_evidence
CAN-O8J5XQ1QHK,meaningful_new_evidence,0.1414145029581978,0.4358563192060184,0.4227291778357838,review_not_warranted,review_warranted
CAN-6NHOI7HD4X,meaningful_new_evidence,0.4788860818121628,0.21704640336239955,0.30406751482543765,review_warranted,insufficient_evidence
CAN-Z2FMDPQZ6U,meaningful_new_evidence,0.06107671200450471,0.5361075695279829,0.40281571846751246,review_not_warranted,review_not_warranted
CAN-YPY46FBMCC,meaningful_new_evidence,0.578113196439404,0.13876521490722743,0.28312158865336867,review_warranted,review_warranted
CAN-M6I6ONFLH6,meaningful_new_evidence,0.2853150554985754,0.2937407096021437,0.4209442348992809,insufficient_evidence,review_warranted
CAN-MD6HSPZNPH,meaningful_new_evidence,0.1598639501013606,0.2911497180240457,0.5489863318745937,insufficient_evidence,review_not_warranted
CAN-BG2JQTKE9R,meaningful_new_evidence,0.12406604556451833,0.5789062136809923,0.29702774075448946,review_not_warranted,insufficient_evidence
CAN-NZ60ITUAMZ,meaningful_new_evidence,0.45792660900438126,0.21233458915132533,0.32973880184429344,review_warranted,review_warranted
CAN-3E88BL7X8N,meaningful_new_evidence,0.3769923759787391,0.2168793167250883,0.4061283072961725,insufficient_evidence,review_warranted
CAN-WRYT3JA62H,meaningful_new_evidence,0.5016161550057404,0.13776770927822532,0.36061613571603424,review_warranted,insufficient_evidence
CAN-UC1GUSFB8Y,meaningful_new_evidence,0.43386096862734896,0.20269517157897815,0.36344385979367283,review_warranted,insufficient_evidence
CAN-KAEH77AZL2,meaningful_new_evidence,0.22546173149158313,0.47397526134372586,0.30056300716469103,review_not_warranted,review_not_warranted
CAN-NJIWES3CMC,meaningful_new_evidence,0.21460868586871323,0.35011046520995487,0.43528084892133195,insufficient_evidence,review_not_warranted
CAN-OV2OP0BPC2,meaningful_new_evidence,0.6216057840758785,0.15620954608615284,0.22218466983796872,review_warranted,insufficient_evidence
CAN-8BR6ZCR6C5,meaningful_new_evidence,0.2440696011262919,0.4085703117357608,0.3473600871379473,review_not_warranted,review_not_warranted
CAN-M5PX3JZR1B,meaningful_new_evidence,0.21508715097205972,0.39140277323125283,0.39351007579668745,insufficient_evidence,review_warranted
CAN-WQQAVM6KJ0,meaningful_new_evidence,0.347206303908795,0.2710386646518544,0.3817550314393507,insufficient_evidence,insufficient_evidence
CAN-GXTMUF9MJ2,meaningful_new_evidence,0.1262441291493448,0.400442009369686,0.4733138614809692,insufficient_evidence,review_not_warranted
CAN-X66G0DQZY1,meaningful_new_evidence,0.14520224087875053,0.5828866128908308,0.27191114623041873,review_not_warranted,review_not_warranted
CAN-8G6HTDW3TS,meaningful_new_evidence,0.1621547706137239,0.4804011235762339,0.3574441058100421,review_not_warranted,review_not_warranted
CAN-IX71UNKLCC,meaningful_new_evidence,0.28118692496995773,0.23540325927952002,0.4834098157505223,insufficient_evidence,review_not_warranted
CAN-BQ2E1CA8JA,meaningful_new_evidence,0.33369059040802024,0.30997893475728344,0.35633047483469643,insufficient_evidence,review_not_warranted
CAN-C6JQXV1H28,meaningful_new_evidence,0.2932876960295164,0.3042801511931829,0.4024321527773007,insufficient_evidence,review_not_warranted
CAN-7Z4I6X76ZY,meaningful_new_evidence,0.35505411086424876,0.29152774764979134,0.35341814148595996,review_warranted,insufficient_evidence
CAN-4DQEX1DFLP,meaningful_new_evidence,0.17416106697990413,0.3826352912464201,0.4432036417736758,insufficient_evidence,review_not_warranted
CAN-GTRZMV90GK,meaningful_new_evidence,0.38822075267814354,0.27914569301789477,0.33263355430396174,review_warranted,insufficient_evidence
CAN-28HOG1H1PI,meaningful_new_evidence,0.3144467275239015,0.2630384016184485,0.42251487085765,insufficient_evidence,review_warranted
CAN-8467CAI41V,meaningful_new_evidence,0.4256284204497615,0.28001055136759817,0.29436102818264037,review_warranted,review_warranted
CAN-A8RUHP98S6,meaningful_new_evidence,0.1708121147973497,0.3334212446566947,0.4957666405459556,insufficient_evidence,insufficient_evidence
CAN-6FIO389AU7,effectively_no_meaningful_update,0.230346571357176,0.3952432751198711,0.3744101535229529,review_not_warranted,review_warranted
CAN-GRA38D14NY,meaningful_new_evidence,0.6327787910531913,0.12774095462001392,0.23948025432679482,review_warranted,review_warranted
CAN-TK9TB1S19Y,meaningful_new_evidence,0.2371971565172779,0.3504518960891301,0.412350947393592,insufficient_evidence,review_warranted
CAN-6045ADGW9W,meaningful_new_evidence,0.1510745422121027,0.5601867424379499,0.2887387153499474,review_not_warranted,review_not_warranted
CAN-YVRMB50LXO,meaningful_new_evidence,0.1587149164130447,0.5011426204511111,0.3401424631358442,review_not_warranted,review_not_warranted
CAN-VJ1ATXQ4KR,meaningful_new_evidence,0.2941212144414681,0.2231035599734568,0.4827752255850751,insufficient_evidence,review_not_warranted
CAN-693NHGTCCO,meaningful_new_evidence,0.42334219439370285,0.2506514681413329,0.3260063374649644,review_warranted,review_warranted
CAN-QZE5QAIJ2T,meaningful_new_evidence,0.48895924709505667,0.22288372669680723,0.28815702620813616,review_warranted,review_warranted
CAN-VB1685ICUZ,meaningful_new_evidence,0.2124675231162759,0.3750565642550053,0.4124759126287188,insufficient_evidence,review_not_warranted
CAN-VNPISGXD4Q,meaningful_new_evidence,0.15292390383909193,0.4664947194585947,0.3805813767023134,review_not_warranted,insufficient_evidence
CAN-E2FZJZ8WLH,meaningful_new_evidence,0.1823491295374561,0.6106118122970572,0.2070390581654868,review_not_warranted,review_not_warranted
CAN-LEJZ8XH8YE,meaningful_new_evidence,0.5030404705765406,0.2378165376330908,0.2591429917903687,review_warranted,insufficient_evidence
CAN-SHRRQNVCIC,meaningful_new_evidence,0.33319449553513386,0.34234836588796885,0.32445713857689734,review_not_warranted,review_not_warranted
CAN-8LF2PPDABK,meaningful_new_evidence,0.4608179458243059,0.2404892665125972,0.2986927876630969,review_warranted,insufficient_evidence
CAN-ZWF0AYKB18,meaningful_new_evidence,0.1212412357589021,0.539467117728274,0.3392916465128238,review_not_warranted,review_warranted
CAN-HC7VWRKBC4,meaningful_new_evidence,0.12968852466016803,0.6378859494699661,0.23242552586986592,review_not_warranted,insufficient_evidence
CAN-6O36VBSAI9,meaningful_new_evidence,0.432113221468437,0.23386101667379056,0.33402576185777255,review_warranted,insufficient_evidence
CAN-4EK13UOVMH,meaningful_new_evidence,0.42132018788211983,0.22152055917617222,0.35715925294170797,review_warranted,review_warranted
CAN-4JML2H5550,meaningful_new_evidence,0.44834493765621325,0.21302859798134113,0.33862646436244564,review_warranted,review_not_warranted
CAN-W803WTVEJV,meaningful_new_evidence,0.21517542442048804,0.5056990518833537,0.27912552369615834,review_not_warranted,review_not_warranted
CAN-1JQKMVCC0E,meaningful_new_evidence,0.2574831167031768,0.3406112018637673,0.4019056814330559,insufficient_evidence,review_warranted
CAN-PFB5DKD37Z,meaningful_new_evidence,0.31075806742140927,0.3974666849377812,0.29177524764080953,review_not_warranted,review_warranted
CAN-JS0TD7RAVV,meaningful_new_evidence,0.3892863802012644,0.2907037267923604,0.3200098930063752,review_warranted,review_warranted
CAN-6N8NUY6QNZ,meaningful_new_evidence,0.28309629051048046,0.31673820534838454,0.4001655041411351,insufficient_evidence,review_not_warranted
CAN-3W1WRGSSBR,meaningful_new_evidence,0.38693169706057223,0.32551100127010973,0.28755730166931814,review_warranted,insufficient_evidence
CAN-RLFHYDAOTO,meaningful_new_evidence,0.20090019075373292,0.39893453795740336,0.40016527128886376,insufficient_evidence,insufficient_evidence
CAN-USBPGXP3DA,meaningful_new_evidence,0.4043967442170154,0.2392054397143658,0.3563978160686188,review_warranted,insufficient_evidence
CAN-F640D3DCIR,meaningful_new_evidence,0.4612915229396827,0.2223435773083394,0.3163648997519779,review_warranted,review_warranted
CAN-J538MFH2RZ,effectively_no_meaningful_update,0.1361511834067384,0.5858446339532685,0.2780041826399931,review_not_warranted,review_warranted
CAN-T3BSOKDD2P,meaningful_new_evidence,0.4793439038852265,0.2152864557070444,0.305369640407729,review_warranted,review_warranted
CAN-1UXZVZSG4A,meaningful_new_evidence,0.1434874774368242,0.5270270845423913,0.3294854380207845,review_not_warranted,review_not_warranted
CAN-QU6MD5TN0F,meaningful_new_evidence,0.2611161595014698,0.3405038243744177,0.3983800161241124,insufficient_evidence,insufficient_evidence
CAN-H2TOKOI56S,meaningful_new_evidence,0.44409733614433583,0.29004131803025723,0.26586134582540705,review_warranted,insufficient_evidence
CAN-ARNXXD7017,meaningful_new_evidence,0.2756972464552573,0.4097641048259609,0.31453864871878195,review_not_warranted,review_warranted
CAN-BT0Y88Z5VY,meaningful_new_evidence,0.2429032528680438,0.3481013875466331,0.4089953595853232,insufficient_evidence,review_warranted
CAN-20LP6R01W2,meaningful_new_evidence,0.4396952780440752,0.21379094163979,0.3465137803161347,review_warranted,review_warranted
CAN-GT29QK48ZR,meaningful_new_evidence,0.6224551137533921,0.1509743962095669,0.226570490037041,review_warranted,review_warranted
CAN-JTU00IS95H,meaningful_new_evidence,0.1171178360774408,0.4205333856131428,0.4623487783094164,insufficient_evidence,review_warranted
CAN-KLQH9G2XAA,meaningful_new_evidence,0.11175442102972293,0.445762367540022,0.4424832114302551,review_not_warranted,review_not_warranted
CAN-1X36MKKDTS,meaningful_new_evidence,0.10322583821270351,0.6129569552317916,0.28381720655550496,review_not_warranted,review_not_warranted
CAN-DANXMJUTSN,meaningful_new_evidence,0.12728965970101952,0.4380153242861734,0.4346950160128072,review_not_warranted,insufficient_evidence
CAN-L16ZDGA6KP,meaningful_new_evidence,0.5514539246788788,0.15609258050673822,0.29245349481438304,review_warranted,review_warranted
CAN-ICKK4E813F,meaningful_new_evidence,0.3003743205452433,0.3109121866107549,0.3887134928440018,insufficient_evidence,review_not_warranted
CAN-BQA0QBKTW1,meaningful_new_evidence,0.3266317866376217,0.3677883295313143,0.305579883831064,review_not_warranted,insufficient_evidence
CAN-PBRR29HATJ,meaningful_new_evidence,0.2669209937504712,0.2949272656998575,0.4381517405496713,insufficient_evidence,review_not_warranted
CAN-RWVLQ6JSLV,meaningful_new_evidence,0.2053706893317747,0.3854749330198441,0.4091543776483812,insufficient_evidence,review_not_warranted
CAN-D0A5SDWYO9,meaningful_new_evidence,0.5044977300487488,0.1856334922318678,0.3098687777193833,review_warranted,review_not_warranted
CAN-LAAZKJS0G8,meaningful_new_evidence,0.2793509518069916,0.3316758335503968,0.3889732146426116,insufficient_evidence,insufficient_evidence
CAN-9UF00BV0SU,meaningful_new_evidence,0.23018575762635504,0.35277664549759363,0.4170375968760513,insufficient_evidence,review_not_warranted
CAN-P049Y8KP5Z,meaningful_new_evidence,0.3840185313142968,0.20433510122754076,0.4116463674581624,insufficient_evidence,review_warranted
CAN-B0FYO3ENSX,meaningful_new_evidence,0.22508325530840761,0.41181100157874195,0.36310574311285043,review_not_warranted,review_warranted
CAN-2MPIJSE7PT,meaningful_new_evidence,0.22899737563475767,0.396535974950372,0.37446664941487035,review_not_warranted,review_warranted
CAN-6ULFMKJ73X,meaningful_new_evidence,0.6170776610300776,0.1448596131753588,0.2380627257945637,review_warranted,review_warranted
